id,type,repo_id,repo_url,actor_id,login,public,created_at
23488007867,PushEvent,514690004,https://api.github.com/repos/MemsourceTesting/AS-e2e-api-tests,40192655,MemsourceTesting,True,2022-08-17T15:54:45Z
23488007871,PushEvent,488121371,https://api.github.com/repos/mshodge/youshallnotpassport,15108577,mshodge,True,2022-08-17T15:54:45Z
23488007894,PushEvent,525860679,https://api.github.com/repos/Shadow1221a/Bugs,56824428,Shadow1221a,True,2022-08-17T15:54:45Z
23488007886,CreateEvent,525861128,https://api.github.com/repos/Shikharcoder/C-123-Project,92843337,Shikharcoder,True,2022-08-17T15:54:45Z
23488007941,CreateEvent,525861642,https://api.github.com/repos/bagantatiana/bagantatiana,111448857,bagantatiana,True,2022-08-17T15:54:45Z
23488007824,PushEvent,525033894,https://api.github.com/repos/kunedev/kune-discourse-basecomponent,106591964,kunedev,True,2022-08-17T15:54:45Z
23488007819,PushEvent,413138123,https://api.github.com/repos/rlwilliams34/google-research,77368399,rlwilliams34,True,2022-08-17T15:54:45Z
23488007807,PushEvent,416432811,https://api.github.com/repos/udanielnogueira/udanielnogueira,41898282,github-actions,True,2022-08-17T15:54:45Z
23488007835,PushEvent,520238237,https://api.github.com/repos/kernel-community/goerli,100631798,simonkernel,True,2022-08-17T15:54:45Z
23488007809,PushEvent,525858098,https://api.github.com/repos/JayaPolanki/frt-project,110987124,JayaPolanki,True,2022-08-17T15:54:45Z
23488007842,PushEvent,410004573,https://api.github.com/repos/Lombiq/TheResumeTheme,8517910,LombiqBot,True,2022-08-17T15:54:45Z
23488007844,PushEvent,388772917,https://api.github.com/repos/jekhuz/jekhuz,41898282,github-actions,True,2022-08-17T15:54:45Z
23488007825,PushEvent,332031783,https://api.github.com/repos/iamruveyda/KBU-Logic,52455419,iamruveyda,True,2022-08-17T15:54:45Z
23488007865,CreateEvent,400147654,https://api.github.com/repos/drmingdrmer/openraft,44069,drmingdrmer,True,2022-08-17T15:54:45Z
23488007821,PushEvent,288543809,https://api.github.com/repos/khurtwilliams/microblog,686971,khurtwilliams,True,2022-08-17T15:54:45Z
23488007797,PushEvent,525837168,https://api.github.com/repos/spamalot22/serverless-instana-wrapper,1570877,spamalot22,True,2022-08-17T15:54:45Z
23488007810,PushEvent,523895419,https://api.github.com/repos/Master-Stroke/Master-Stroke,97834402,Master-Stroke,True,2022-08-17T15:54:45Z
23488007799,CreateEvent,525861640,https://api.github.com/repos/jaamanu/My-Personal-Professional-Portfolio,98466955,jaamanu,True,2022-08-17T15:54:45Z
23488007815,CreateEvent,525861639,https://api.github.com/repos/Robdep818/First_Html_Page,110988742,Robdep818,True,2022-08-17T15:54:45Z
23488007748,PushEvent,525861259,https://api.github.com/repos/Xnerro/money-manager-api,84789330,Xnerro,True,2022-08-17T15:54:45Z
23488007803,PushEvent,499932232,https://api.github.com/repos/bj5nj7oh/bj5nj7oh,41898282,github-actions,True,2022-08-17T15:54:45Z
23488007753,PushEvent,504997209,https://api.github.com/repos/kherrick/soylent-news,41898282,github-actions,True,2022-08-17T15:54:45Z
23488007776,PushEvent,520938759,https://api.github.com/repos/Sagar-contrivertech/yo_testing,104889074,DhavalContrivertech,True,2022-08-17T15:54:45Z
23488007781,PushEvent,525851500,https://api.github.com/repos/luceteeun/espoir,104744021,luceteeun,True,2022-08-17T15:54:45Z
23488007743,PushEvent,69051421,https://api.github.com/repos/platanus/send_grid_mailer,228037,blackjid,True,2022-08-17T15:54:45Z
23488007745,PushEvent,503306301,https://api.github.com/repos/senseteq-io/senseteq-landing,17073422,alexpassss,True,2022-08-17T15:54:45Z
23488007751,PushEvent,525833130,https://api.github.com/repos/tasuku43/php-mermaid-class-diagram,43329036,tasuku43,True,2022-08-17T15:54:45Z
23488007758,PushEvent,390310800,https://api.github.com/repos/letphilippe3/grport,41898282,github-actions,True,2022-08-17T15:54:45Z
23488007754,PushEvent,525540976,https://api.github.com/repos/samirmarey848/ping,110601895,samirmarey848,True,2022-08-17T15:54:45Z
23488007738,PushEvent,512295715,https://api.github.com/repos/igorbk202/Projeto-Git,38593095,igorbk202,True,2022-08-17T15:54:45Z
23488014775,PushEvent,520238237,https://api.github.com/repos/kernel-community/goerli,100631798,simonkernel,True,2022-08-17T15:55:05Z
23488014835,PushEvent,183910394,https://api.github.com/repos/moppspace/moppspace.github.io,50076953,moppspace,True,2022-08-17T15:55:05Z
23488014776,PushEvent,525809133,https://api.github.com/repos/FX31337/FX31337-wasm,266306,kenorb,True,2022-08-17T15:55:05Z
23488014811,PushEvent,494995936,https://api.github.com/repos/scriptzteam/badIPS,533180,scriptzteam,True,2022-08-17T15:55:05Z
23488014823,PublicEvent,463636623,https://api.github.com/repos/Rayato159/eyepacs-front,45897686,Rayato159,True,2022-08-17T15:55:05Z
23488014790,CreateEvent,525861687,https://api.github.com/repos/wwwuuid2com28/57_11953,111345762,wwwuuid2com28,True,2022-08-17T15:55:05Z
23488014819,WatchEvent,81810486,https://api.github.com/repos/antvis/G6,34191203,masx200,True,2022-08-17T15:55:05Z
23488014824,DeleteEvent,317845893,https://api.github.com/repos/portefaix/portefaix-hub,41286756,delete-merged-branch,True,2022-08-17T15:55:05Z
23488014774,CreateEvent,525861731,https://api.github.com/repos/hughmum/Java,104261999,hughmum,True,2022-08-17T15:55:05Z
23488014739,IssueCommentEvent,177839194,https://api.github.com/repos/microsoft/vscode-remote-release,105309205,VSCodeTriageBot,True,2022-08-17T15:55:05Z
23488014693,PushEvent,525009005,https://api.github.com/repos/Chris28-bui/Crown-clothing,64238609,Chris28-bui,True,2022-08-17T15:55:05Z
23488014738,PushEvent,438699285,https://api.github.com/repos/ewquon/SSRS,18267059,ewquon,True,2022-08-17T15:55:05Z
23488014721,PushEvent,484628799,https://api.github.com/repos/pascal65536/kompoblog,17339907,pascal65536,True,2022-08-17T15:55:05Z
23488014712,PushEvent,521245400,https://api.github.com/repos/kenobiwins/team-project,106313266,kenobiwins,True,2022-08-17T15:55:05Z
23488014704,PushEvent,443946633,https://api.github.com/repos/BatmKey/douyin-api,81696881,BatmKey,True,2022-08-17T15:55:05Z
23488014702,PushEvent,511161013,https://api.github.com/repos/AmishAlvi/CowChef,23103004,AmishAlvi,True,2022-08-17T15:55:05Z
23488014728,PushEvent,504768904,https://api.github.com/repos/GayathriBS25/Case-Studies,107489195,GayathriBS25,True,2022-08-17T15:55:05Z
23488014709,PushEvent,371501013,https://api.github.com/repos/macmillancontentscience/torchtransformers,33073024,jonathanbratt,True,2022-08-17T15:55:05Z
23488014769,CreateEvent,525861732,https://api.github.com/repos/MrCarpi/Expanding-Cards-Css,99908577,MrCarpi,True,2022-08-17T15:55:05Z
23488014740,PushEvent,525476229,https://api.github.com/repos/xsidc/monmiao,55003092,xsidc,True,2022-08-17T15:55:05Z
23488014725,IssueCommentEvent,91594105,https://api.github.com/repos/ansible/awx,773186,shanemcd,True,2022-08-17T15:55:05Z
23488014708,IssuesEvent,67433627,https://api.github.com/repos/Nexus-Mods/Vortex,40209448,VortexFeedback,True,2022-08-17T15:55:05Z
23488014752,PullRequestReviewEvent,2310495,https://api.github.com/repos/ceph/ceph,71764184,nizamial09,True,2022-08-17T15:55:05Z
23488014635,PushEvent,506631492,https://api.github.com/repos/SmallPigPeppa/cassle,42854223,SmallPigPeppa,True,2022-08-17T15:55:05Z
23488014633,PushEvent,371422187,https://api.github.com/repos/MiaoMiaoYoung/MiaoMiaoYoung.github.io,41898282,github-actions,True,2022-08-17T15:55:05Z
23488014680,PullRequestReviewCommentEvent,50386243,https://api.github.com/repos/18F/identity-idp,13384921,ThatSpaceGuy,True,2022-08-17T15:54:51Z
23488014638,PullRequestReviewEvent,50386243,https://api.github.com/repos/18F/identity-idp,13384921,ThatSpaceGuy,True,2022-08-17T15:55:05Z
23488014647,PushEvent,518935066,https://api.github.com/repos/htmlacademy-adaptive/1719055-sedona-26,47776594,baileys-li,True,2022-08-17T15:55:05Z
23488014662,PushEvent,523548128,https://api.github.com/repos/nancyscip/Back-Portfolio,100371567,nancyscip,True,2022-08-17T15:55:05Z
23488014629,PushEvent,250208038,https://api.github.com/repos/vpnsuperapp/fast,62687145,vpnsuperapp,True,2022-08-17T15:55:05Z
23487985360,PushEvent,523499555,https://api.github.com/repos/emineliyev/mtv_project,17046279,emineliyev,True,2022-08-17T15:53:42Z
23487985346,PullRequestReviewCommentEvent,47574295,https://api.github.com/repos/cncf/toc,77382887,by-d-sign,True,2022-08-17T15:50:35Z
23487985321,PullRequestReviewEvent,47574295,https://api.github.com/repos/cncf/toc,77382887,by-d-sign,True,2022-08-17T15:53:42Z
23487985350,PullRequestReviewEvent,518116339,https://api.github.com/repos/Hatthatteryhathat/LearningStuff-codelex,53189160,ausmoons,True,2022-08-17T15:53:42Z
23487985373,PullRequestReviewCommentEvent,518116339,https://api.github.com/repos/Hatthatteryhathat/LearningStuff-codelex,53189160,ausmoons,True,2022-08-17T15:24:44Z
23487985331,PullRequestReviewCommentEvent,518116339,https://api.github.com/repos/Hatthatteryhathat/LearningStuff-codelex,53189160,ausmoons,True,2022-08-17T15:23:27Z
23487985353,IssuesEvent,294616630,https://api.github.com/repos/alexis-luna/codeigniter4-auth-and-user-management,101668167,Gbislay,True,2022-08-17T15:53:42Z
23487985271,PushEvent,348289466,https://api.github.com/repos/vacseeker/vacseeker.github.io,80751634,vacseeker,True,2022-08-17T15:53:42Z
23487985289,PushEvent,525468623,https://api.github.com/repos/IOTJuly2022/Oniwaban-Frontend,101674460,EliOceanak,True,2022-08-17T15:53:42Z
23487985292,WatchEvent,7895941,https://api.github.com/repos/scala-graph/scala-graph,84594955,retarpt,True,2022-08-17T15:53:42Z
23487985343,WatchEvent,496556366,https://api.github.com/repos/hackclub/assemble,65808924,bellesea,True,2022-08-17T15:53:42Z
23487985312,IssuesEvent,181560846,https://api.github.com/repos/tesseract-olap/tesseract-ui,1203432,palamago,True,2022-08-17T15:53:42Z
23487985326,PullRequestReviewCommentEvent,518116339,https://api.github.com/repos/Hatthatteryhathat/LearningStuff-codelex,53189160,ausmoons,True,2022-08-17T15:24:10Z
23487985276,PushEvent,522104148,https://api.github.com/repos/Vlynn01/Bai-tap-MD1,89231237,Vlynn01,True,2022-08-17T15:53:42Z
23487985280,PushEvent,513139142,https://api.github.com/repos/svilkata/computer_store,32245309,svilkata,True,2022-08-17T15:53:42Z
23487985281,PushEvent,523970273,https://api.github.com/repos/restlessronin/lila-reports,88921269,restlessronin,True,2022-08-17T15:53:42Z
23487985272,PushEvent,525129775,https://api.github.com/repos/markus-k/go-echarger-api-rs,1889403,markus-k,True,2022-08-17T15:53:42Z
23487985270,CreateEvent,525861309,https://api.github.com/repos/lauretteisingizwe/new-wallet,110401162,lauretteisingizwe,True,2022-08-17T15:53:42Z
23487985293,PullRequestEvent,477668666,https://api.github.com/repos/spdtf/terraform,102963495,spdtf,True,2022-08-17T15:53:42Z
23487985250,PullRequestReviewEvent,47574295,https://api.github.com/repos/cncf/toc,77382887,by-d-sign,True,2022-08-17T15:53:42Z
23487985234,IssueCommentEvent,75224144,https://api.github.com/repos/openshift/release,75433959,openshift-ci,True,2022-08-17T15:53:42Z
23487985254,PushEvent,500139646,https://api.github.com/repos/Gabe616/ObbyCreatorMusicList,60316309,Gabe616,True,2022-08-17T15:53:42Z
23487985231,IssueCommentEvent,181560846,https://api.github.com/repos/tesseract-olap/tesseract-ui,1203432,palamago,True,2022-08-17T15:53:42Z
23487985242,PullRequestReviewEvent,518116339,https://api.github.com/repos/Hatthatteryhathat/LearningStuff-codelex,53189160,ausmoons,True,2022-08-17T15:53:42Z
23487985209,PullRequestReviewCommentEvent,125008594,https://api.github.com/repos/ColoredCow/portal,73119570,gautam071,True,2022-08-17T15:47:18Z
23487985185,IssueCommentEvent,227561999,https://api.github.com/repos/reapit/foundations,108016524,jordanlewis-dngl,True,2022-08-17T15:53:42Z
23487985187,PullRequestReviewEvent,396935505,https://api.github.com/repos/Mean-Finance/dca-v2-core,15222168,nchamo,True,2022-08-17T15:53:42Z
23487985213,PushEvent,34167510,https://api.github.com/repos/transifex/openformats,89910257,petrosklg,True,2022-08-17T15:53:42Z
23487985184,PushEvent,390774959,https://api.github.com/repos/KatGGS/KatGGS,88154716,KatGGS,True,2022-08-17T15:53:42Z
23487985178,PushEvent,414147614,https://api.github.com/repos/bret99/vkontakte_scan,64787351,bret99,True,2022-08-17T15:53:42Z
23487929637,IssueCommentEvent,75340147,https://api.github.com/repos/350org/ak_intl_v3,1696078,sukhada,True,2022-08-17T15:51:05Z
23487929676,PushEvent,525526680,https://api.github.com/repos/yousabu/ansible_rhce,66924041,yousabu,True,2022-08-17T15:51:05Z
23487929674,PushEvent,512700417,https://api.github.com/repos/morpho-dao/morpho-utils,74971347,MathisGD,True,2022-08-17T15:51:05Z
23487929661,PushEvent,525851446,https://api.github.com/repos/BR-Junior/crud-com-vue-e-quasar,91143053,BR-Junior,True,2022-08-17T15:51:05Z
23487929682,PushEvent,505029866,https://api.github.com/repos/predictcrypto/pins,60825784,predictcrypto,True,2022-08-17T15:51:05Z
23487929673,PushEvent,525845306,https://api.github.com/repos/kazukimikami/reservation,102357035,kazukimikami,True,2022-08-17T15:51:05Z
23487929588,PushEvent,274724694,https://api.github.com/repos/dendronhq/dendron,46447321,allcontributors,True,2022-08-17T15:51:05Z
23487929636,CreateEvent,523780252,https://api.github.com/repos/tiller1010/silverstripe-spam-module,41898282,github-actions,True,2022-08-17T15:51:05Z
23487929580,IssuesEvent,524701461,https://api.github.com/repos/sozysozbot/mikanos,21972349,sozysozbot,True,2022-08-17T15:51:05Z
23487929591,PushEvent,164541747,https://api.github.com/repos/moiify/AutoGreen,17869732,moiify,True,2022-08-17T15:51:05Z
23487929533,PushEvent,524655561,https://api.github.com/repos/Callithrix-omics/Callithrix-omics.github.io,37043957,Callithrix-omics,True,2022-08-17T15:51:05Z
23487929573,PushEvent,264221410,https://api.github.com/repos/datho7561/quarkus-ls,22376627,datho7561,True,2022-08-17T15:51:05Z
23487929349,PushEvent,472789273,https://api.github.com/repos/Sooktoring/Sooktoring-Android,90624848,ofzlo,True,2022-08-17T15:51:04Z
23487929578,PushEvent,487950724,https://api.github.com/repos/edwardzuniga/holbertonschool-higher_level_programming,98659638,edwardzuniga,True,2022-08-17T15:51:05Z
23487929597,IssueCommentEvent,432870871,https://api.github.com/repos/livepeer/explorer,32714304,0xcadams,True,2022-08-17T15:51:05Z
23487929522,ReleaseEvent,523780252,https://api.github.com/repos/tiller1010/silverstripe-spam-module,41898282,github-actions,True,2022-08-17T15:51:05Z
23487929560,PushEvent,525845966,https://api.github.com/repos/Mahalderk/CV,111369888,Mahalderk,True,2022-08-17T15:51:05Z
23487929536,PushEvent,522475355,https://api.github.com/repos/markbush/Smalltalk-80-CompilerLib,5146167,markbush,True,2022-08-17T15:51:05Z
23487929501,DeleteEvent,280075452,https://api.github.com/repos/product-os/jellyfish-worker,34882892,balena-ci,True,2022-08-17T15:51:05Z
23487929523,PushEvent,524300625,https://api.github.com/repos/chengzhong001/cpp-examples,12437240,chengzhong001,True,2022-08-17T15:51:05Z
23487929494,PushEvent,502695999,https://api.github.com/repos/kybru91/vscode-languageserver-node,39814207,pull,True,2022-08-17T15:51:05Z
23487929532,PushEvent,381424857,https://api.github.com/repos/fathozt/MyProject,75855221,fathozt,True,2022-08-17T15:51:05Z
23487929508,CreateEvent,525860418,https://api.github.com/repos/ibrahimalangri/KUn,90800936,ibrahimalangri,True,2022-08-17T15:51:05Z
23487929447,PushEvent,507821009,https://api.github.com/repos/web-application-app/gigosRate,102809970,InonAngel98,True,2022-08-17T15:51:05Z
23487929496,DeleteEvent,525800293,https://api.github.com/repos/DmytroKova/TUTORIAL,111434456,DmytroKova,True,2022-08-17T15:51:05Z
23487929420,PushEvent,55965971,https://api.github.com/repos/brianway/algorithms-learning,5981249,brianway,True,2022-08-17T15:51:05Z
23487929439,PushEvent,266811533,https://api.github.com/repos/wizche/lema-observatory,41898282,github-actions,True,2022-08-17T15:51:05Z
23487929452,PushEvent,406699027,https://api.github.com/repos/adamsorbie/Stroke_Microbiota_reproducibility,23216921,adamsorbie,True,2022-08-17T15:51:05Z
23487929428,IssuesEvent,501154542,https://api.github.com/repos/justbecoder/react-router-middleware-plus,21071133,justbecoder,True,2022-08-17T15:51:05Z
23487929425,IssueCommentEvent,239809522,https://api.github.com/repos/stolostron/search-e2e-test,28898909,dislbenn,True,2022-08-17T15:51:05Z
23487963576,WatchEvent,6296790,https://api.github.com/repos/spring-projects/spring-boot,44167236,evilgaoshu,True,2022-08-17T15:52:40Z
23487963624,CreateEvent,525860969,https://api.github.com/repos/gurram47/AP20110010620-CS306-L,111333037,gurram47,True,2022-08-17T15:52:40Z
23487963529,PushEvent,350706029,https://api.github.com/repos/afbeltranr/Agrilab2,65502770,afbeltranr,True,2022-08-17T15:52:40Z
23487963558,IssueCommentEvent,226399669,https://api.github.com/repos/CMSgov/cms-carts-seds,99458559,karla-vm,True,2022-08-17T15:52:40Z
23487963581,PullRequestEvent,521980272,https://api.github.com/repos/casdoor/casdoor-chrome-extension,3787410,hsluoyz,True,2022-08-17T15:52:40Z
23487963532,PushEvent,438998478,https://api.github.com/repos/mnw1020/obsidian,11596368,mnw1020,True,2022-08-17T15:52:40Z
23487963524,PushEvent,525362201,https://api.github.com/repos/ikjo93/Data-Structure,82401504,ikjo93,True,2022-08-17T15:52:40Z
23487963526,PushEvent,500139646,https://api.github.com/repos/Gabe616/ObbyCreatorMusicList,60316309,Gabe616,True,2022-08-17T15:52:40Z
23487963492,PushEvent,268298723,https://api.github.com/repos/BadProfessor/INL,37953029,BadProfessor,True,2022-08-17T15:52:40Z
23487963504,DeleteEvent,399546191,https://api.github.com/repos/ALMA-FUNDEGUA/vacunasgt,28701858,allanrg4,True,2022-08-17T15:52:40Z
23487963536,PullRequestReviewEvent,512700417,https://api.github.com/repos/morpho-dao/morpho-utils,22668539,QGarchery,True,2022-08-17T15:52:40Z
23487963495,CreateEvent,525860287,https://api.github.com/repos/Diyouf/newpage.github.io,111433069,Diyouf,True,2022-08-17T15:52:40Z
23487963522,PushEvent,522510250,https://api.github.com/repos/tiltingpenguin/uyuni,100686237,tiltingpenguin,True,2022-08-17T15:52:40Z
23487963444,PushEvent,525859727,https://api.github.com/repos/igrek-ovs/igrek-ovs.github.io,111448530,igrek-ovs,True,2022-08-17T15:52:40Z
23487963462,PullRequestEvent,509700187,https://api.github.com/repos/TeamDearToday/Deartoday-iOS,86944161,cchanmi,True,2022-08-17T15:52:40Z
23487963480,IssuesEvent,138224079,https://api.github.com/repos/modin-project/modin,10712109,mvashishtha,True,2022-08-17T15:52:40Z
23487963457,PushEvent,495043847,https://api.github.com/repos/na4zagin3/satyrographos-repo-alpha,368735,na4zagin3,True,2022-08-17T15:52:40Z
23487963413,PushEvent,525476229,https://api.github.com/repos/xsidc/monmiao,55003092,xsidc,True,2022-08-17T15:52:40Z
23487963429,PushEvent,435120097,https://api.github.com/repos/kkukelka/nft-gallery,17953978,kkukelka,True,2022-08-17T15:52:40Z
23487963448,PushEvent,484665561,https://api.github.com/repos/Sidalvik/005-Sidalvik-FrontEnd-Cargo-project,94136524,Sidalvik,True,2022-08-17T15:52:40Z
23487963440,PushEvent,483328134,https://api.github.com/repos/qJkee/cluster-config-operator,13433317,qJkee,True,2022-08-17T15:52:40Z
23487963411,IssueCommentEvent,138224079,https://api.github.com/repos/modin-project/modin,10712109,mvashishtha,True,2022-08-17T15:52:40Z
23487963456,IssueCommentEvent,399070715,https://api.github.com/repos/majacQ/juicefs,37929162,mergify,True,2022-08-17T15:52:40Z
23487963426,WatchEvent,45356931,https://api.github.com/repos/bwmarrin/discordgo,44158642,exqlnet,True,2022-08-17T15:52:40Z
23487963471,PullRequestEvent,176802984,https://api.github.com/repos/RedHatInsights/rhsm-subscriptions,19955562,lindseyburnett,True,2022-08-17T15:52:40Z
23487963425,CreateEvent,525860966,https://api.github.com/repos/wwwuuid2com28/22_11948,111345762,wwwuuid2com28,True,2022-08-17T15:52:40Z
23487963368,PushEvent,409344435,https://api.github.com/repos/google-test2/signclav2-probe-repo,30538765,signcla-test-unsigned,True,2022-08-17T15:52:40Z
23487963384,PushEvent,86929735,https://api.github.com/repos/Lombiq/Orchard,8517910,LombiqBot,True,2022-08-17T15:52:40Z
23487963376,PushEvent,525552996,https://api.github.com/repos/HARPHUNA/grpc-SwiftPM,109001160,HARPHUNA,True,2022-08-17T15:52:40Z
23487963366,PushEvent,288543809,https://api.github.com/repos/khurtwilliams/microblog,686971,khurtwilliams,True,2022-08-17T15:52:40Z
